,iteracao,wpw,zfoc,R1,L1,R2,Fobj
0,0.0,0.3869864100243438,50.99365903753425,99.5404463787328,48.964221758954764,58.48790111597725,0.9686339873146795
1,0.0,0.18640733631460418,52.60273009588365,82.42565857156848,61.639909212386115,69.5213805881784,7.453542444482491
2,0.0,0.19069268875320808,42.7558515339068,79.8232783491448,41.75568460325921,118.78646015163392,7.428119511690627
3,0.0,0.3759431168631743,30.29639735648639,67.78207297734457,73.68321295759324,50.40351015063327,1.1479687302031045
4,0.0,0.15624903411590427,118.82553131118445,102.06497567738293,54.616148344798475,95.30907553074886,1.1605484156393144
5,0.0,0.35151409939948763,102.44725684284761,48.117500291542086,46.31031430208134,113.73753062539112,0.6259787917605106
6,0.0,0.30324182369344066,102.20348018850557,94.0019934021721,54.2399579840054,58.820693962700574,3.295495980527257
7,0.0,0.21694349430908258,157.94491575130476,99.88753006929193,62.58703089852585,66.38806238130186,5.862720291510893
8,0.0,0.2641357523809498,58.412171105019745,90.88393207240046,43.24466964572409,57.715772876230304,5.7695872533178205
9,0.0,0.19056226450448083,90.68325889466095,42.873386758360745,44.60397641285325,85.30988969978581,0.9663585406439732
10,1.0,0.35193928945809605,132.25931376218796,116.44500389695168,76.74824006855488,64.6675992757082,1.7330763975538839
11,2.0,0.38610474122688176,72.53245560452342,86.5441420674324,78.2070567086339,50.39087601006031,1.1483406451193843
12,3.0,0.21694368683763673,157.94491658018958,99.8875387160456,62.58703073346675,66.38806303158805,5.958968204985011
13,4.0,0.2169581139402219,157.9448593892457,99.88760622959386,62.58702991957084,66.388069498609,7.049469517560502
14,5.0,0.2895772758405656,130.47019166871905,82.84106247127056,43.33438526839018,89.15248520672321,2.118136473279822
15,6.0,0.32426627408713105,88.98941213265061,107.16263048350811,70.34469354897738,90.21069407463074,3.219661566488527
16,7.0,0.35659364410676064,37.46039655059576,112.97934114933014,71.81953623890877,86.19732365012169,3.694617537639262
17,8.0,0.321552425948903,95.96692757681012,81.82183109223843,41.45220227539539,46.212700456380844,1.987916017729335
18,9.0,0.21531473901122808,95.24971414357424,96.53178632259369,43.235488161444664,57.30245158076286,8.50797801758454
19,10.0,0.35771156530827286,51.824920419603586,54.045444801449776,41.2060284987092,93.89477841556072,0.5656131464133267
20,11.0,0.3590490842238069,128.08659421280026,73.97349625825882,58.99381220340729,83.20040471851826,1.154137057311811
21,12.0,0.3240845208987594,153.15382296219468,55.15077508985996,56.90582014620304,111.2336827069521,0.6034870445289097
22,13.0,0.37606471600010993,58.3206139318645,111.09754256904125,70.49713753163815,44.00164946913719,2.137761371113495
23,14.0,0.3707743071485311,41.16492033004761,105.89347928762436,72.76276919990778,108.88550542294979,2.9051182503501125
24,15.0,0.1876839656382799,21.936752647161484,61.045821607112885,58.607813231647015,117.15495802462101,5.745539436836073
25,16.0,0.2726081911008805,91.03816406801343,96.32967449724674,69.69275314360857,109.21521335840225,4.012890213791887
26,17.0,0.1513707047328353,137.8030190616846,48.47709231078625,51.35515499860048,84.66453976929188,0.38840924568660234
27,18.0,0.37928213444538417,91.88615577295423,93.79238188266754,71.58143196254969,67.39288844168186,1.0736082473908504
28,19.0,0.33824377818964424,107.52373987808824,44.030197113752365,48.064781948924065,70.03745093941689,0.7155268992073214
29,20.0,0.194405372813344,61.83682946488261,45.0013042986393,63.59677139669657,91.92539483308792,7.081900792380219
30,21.0,0.36533357328735294,47.79010599479079,73.05286087095737,53.58951672911644,119.48644891381264,1.3610270195225147
31,22.0,0.3398354997392744,104.27857279777527,46.391885578632355,61.759229712188244,110.79619750380516,0.637517644835097
32,23.0,0.19519685613922774,140.82043586298823,106.48163735866547,72.1426635608077,61.72803997993469,7.76275478317363
33,24.0,0.33820371362380686,119.7991126216948,80.14952935278416,42.02178955078125,45.30758313834667,1.3941829695931947
34,25.0,0.21156529448850225,138.81149678778453,99.85795793965609,61.619406480884294,64.34697738934888,8.396613873371741
35,26.0,0.2098352590323763,146.13210053514322,102.27520502879885,63.426722604255254,64.64504628295596,7.919942809585118
36,27.0,0.3283308326266706,32.976180985569954,98.94043914973736,44.26183428615332,104.50190797448158,3.1539952626536656
37,28.0,0.2398566951509565,150.41088400408626,46.350299790501595,74.14455845952034,79.34890754520893,4.0735972428370815
38,29.0,0.21666212731147536,157.36406056238002,99.96624321187106,62.60476509045531,66.3101111854299,7.174664306478783
39,30.0,0.21104830597857935,129.64286987570625,99.57797899019323,60.58581242433327,63.317134720790236,8.223433875078838
40,31.0,0.20978206643640687,146.13211553318877,102.27519293825463,63.42671842604804,64.64504879259131,7.933128554075724
41,32.0,0.21067214941801793,142.30648776106202,100.84349507844347,62.88470929600898,64.36943500977696,8.028688686621793
42,33.0,0.2105277956126144,135.2582739746937,100.75833370425724,61.853394895375935,63.31224989990446,7.64949583632706
43,34.0,0.210390681790456,136.57606952697319,101.05074578953483,62.29919363958365,63.28685818363674,6.473962820653515
44,35.0,0.21062363071064186,142.88142652718946,101.0816316100741,62.996562188169875,64.32533923640248,8.772913171801944
45,36.0,0.2105478501151509,142.47222619234182,101.06826082343657,62.8597746327688,64.28883717456168,7.21428748134304
46,37.0,0.2101957288253618,141.5409364895526,101.12378554624019,62.813051011374775,64.18650574068158,6.406975544775831
47,38.0,0.21069953833032967,118.48585986842579,99.33400973984793,59.39277798194732,61.893098947722315,7.458150830085171
48,39.0,0.21037301420919982,133.6237986439535,100.81276455109919,61.54091735165214,62.972388058366256,7.331901807144786
49,40.0,0.21033968681208826,132.10835867720633,100.53829225985837,61.593489745964234,62.913294246432,7.494933210113268
50,41.0,0.21035405314705766,132.65129549784479,100.43485647993748,61.38628112472006,63.316208759871124,7.347347520350822
51,42.0,0.21041736413185308,131.51841429274108,100.46121305129829,61.33568289415808,62.80594707669898,8.114230780806691
52,43.0,0.21080843622101664,122.57785446876017,100.54279724716366,60.25620582241264,61.41766113774306,7.784173958110547
53,44.0,0.21049103557902646,128.79346202925942,100.3678922185432,60.58308637529707,62.46359163062501,7.661204307058326
54,45.0,0.2103394117924733,128.28563607254213,100.7517965435186,60.85667334691305,62.49476354375938,7.759418112557659
55,46.0,0.21049556510984752,128.13325933324222,100.54163787484673,60.55893485519333,62.40116342245144,8.896711744253654
56,47.0,0.21102751013158558,129.50303063633677,100.48092960475768,60.81904299418692,62.178827211579325,7.032794117080662
57,48.0,0.21029545312737535,128.19754565347085,100.35017878022134,60.803754777456255,62.46065958574281,7.692497396400114
58,49.0,0.2115304293397851,104.3727316255666,97.06921371191213,60.63515182646846,67.77556187719871,8.552525826737382
59,50.0,0.21108441845034892,117.9100225782366,100.92266521460112,60.263930809340074,63.195874963133974,9.58976615969296
60,51.0,0.21063415185590603,120.67033823748443,99.88306830795393,60.28218268787821,63.14082880650062,7.364695295806544
61,52.0,0.2107711792714941,120.7822887201408,99.78522565682931,60.31761401778357,63.17264737066632,8.05756317676725
62,53.0,0.2107902907260265,120.26836534564288,99.55010575404644,60.20292766245369,63.19884939636422,8.797914909453857
63,54.0,0.21071391619145244,121.07416730439702,99.694548547468,60.251719158518696,62.893388588412904,7.862293762090754
64,55.0,0.21083633896813023,118.52960814617037,99.61783227623101,60.00333306658244,63.61553757144029,9.532314656348246
65,56.0,0.21090569706672566,117.04767639653436,99.34894979831172,60.06470513589898,63.33371972553243,7.173568789382122
66,57.0,0.21070188643069238,118.74757338097297,99.64384033514025,60.07502697952894,63.37746965447095,9.742415969784428
67,58.0,0.21084909451532777,117.65664718262953,99.49746695398188,59.85719098438806,63.25182396645327,9.161805947487846
68,59.0,0.21099782854121688,116.26568839614299,99.39159646369677,59.660862038068366,63.129493586221486,8.120982157455577
69,60.0,0.21085766687351135,116.20384360974455,99.43167453969528,59.7247424660616,63.035905002627665,7.794596720684875
70,61.0,0.21088858154298964,116.60158426020118,99.43966418694282,59.837074084122335,63.32170666600984,6.382746631395236
71,62.0,0.21083380218710715,117.80261877903945,99.41929266701995,59.93230077251919,63.37818589742862,9.570759791455671
72,63.0,0.21065186733676575,117.28284103551017,99.48908145179857,59.78066872882594,63.25963955677501,7.623899193466633
73,64.0,0.21088308935117567,114.9076428966978,99.3490658467257,59.5721682534174,63.36021862683993,7.0880694685933285
74,65.0,0.21089970034369943,115.7031926083124,99.28184798340834,59.85442074987497,63.557331982977665,8.179534763207728
75,66.0,0.21038724479585932,116.13524003992998,99.04797613666601,59.37327672095289,63.532796563308175,9.04450819910452
76,67.0,0.2113769084475712,114.43018934482146,99.07948582464131,59.16249866153647,63.482536993909044,8.14591988118756
77,68.0,0.2108321778189295,116.47195890223522,99.22902264151779,59.71799428739199,63.325260873646506,8.706401159132648
78,69.0,0.2096882358762988,110.10301085655773,100.15175556826021,60.777565626665826,63.793585988986244,8.11426060137073
79,70.0,0.21100183397311043,110.6470352936124,98.79648916720296,58.87394378373914,63.819032752222355,7.188470620979609
80,71.0,0.2107867753785948,116.85414618751574,99.49092034721359,59.88595904772048,63.24530771747501,7.6211985817883825
81,72.0,0.21078524048041783,116.79203916533908,99.2472718263901,59.844328523139815,63.20620552718054,8.636182450653205
82,73.0,0.21078584323755248,116.87175220762315,99.26717794756819,59.82387216132207,63.31430089432802,8.46581939406643
83,74.0,0.21029618580142556,112.10376327410349,98.49950723016508,59.31632245236255,64.26172947827982,7.123103036757482
84,75.0,0.21086177563763744,117.03058961686776,99.36511202292643,59.95214720730045,63.344049211558065,8.251674288981869
85,76.0,0.21116702345919755,114.70954363160442,99.58528345299338,59.66742193424978,63.302140983889636,8.865337017754388
86,77.0,0.21053808809741176,117.89952706694676,99.57972707309574,59.80182791818509,63.15102094431229,9.029157482727422
87,78.0,0.2112397186445085,113.74891670460383,99.3828703025152,59.59725707180025,63.68712755012396,7.023811091220355
88,79.0,0.21082272200285634,117.3147441913086,99.48112132517225,59.77846681871683,63.20440337126871,9.32174367950683
89,80.0,0.2108037471210761,116.5941336077421,99.52409076356757,59.848377189736134,63.17089549003033,9.822164114790942
90,81.0,0.2108032667432858,116.76659047567688,99.54825907584878,59.62125837383157,63.01120347934801,9.648062678121516
91,82.0,0.21083287151984245,116.55011854089089,99.1961407832347,59.63105178585413,62.95505335282694,8.808039988130343
92,83.0,0.21073695726454542,116.35022949727149,99.6673191417718,59.70324267472255,62.97233900413002,7.598884634572122
93,84.0,0.21081665410177874,116.34145253151694,99.43733725714176,59.685936838337874,63.0954855224714,9.538347120834796
94,85.0,0.21082092880918282,116.22776013140437,99.55326483187265,59.60604537173557,63.07857658283835,9.627561663329095
95,86.0,0.2108188519366066,116.00367996870835,99.33479085399117,59.66555467917172,63.04093423239913,9.129453138555402
96,87.0,0.21083032238404084,112.94146746145508,99.53217419848352,59.50895702307595,63.02649016224416,10.018361888259797
97,88.0,0.21095753886351565,110.97199907253741,100.44312367318001,59.4131241410321,62.39049353327574,8.768919789773607
98,89.0,0.2100482688151289,110.04637475621502,99.1673644146865,59.03756680306829,62.929811745152136,8.659664746205435
99,90.0,0.21080761568172862,114.3498560195721,99.51785268043967,59.54902984700955,62.9724065669887,9.771145804969217
100,91.0,0.21080222421054937,114.2611136319683,99.49121566779432,59.41338587205419,63.00919669306074,9.61648416683006
101,92.0,0.21074453875247026,113.74830164388744,99.3060601521123,59.285831204470426,62.841718098900124,8.021279470625895
102,93.0,0.21079777728711335,114.06931519382613,99.41929833767855,59.30360594267357,62.8426292431907,9.855833530509859
103,94.0,0.2108316553006939,113.78249888981357,99.24388719513499,59.214454937410025,62.75388883434947,9.822094281773655
104,95.0,0.2107513821994164,113.56615962530672,99.40815569826728,59.454088247167064,62.84764055371652,8.01349805676818
105,96.0,0.21040874480077235,112.39136370249838,99.58241514279624,59.51507741829992,62.870960521600395,8.356536453593463
106,97.0,0.2107525479589323,113.58993075605915,99.2965957628828,59.252269306875405,62.751090001652834,7.831396583572715
107,98.0,0.2107615982772879,113.44027006282319,99.4222831648009,59.35179739823287,62.81468228450375,7.559481362225509
108,99.0,0.21073105180893054,113.86061125251797,99.4329491829285,59.25814391619573,62.876746933522845,7.937470361055334
109,100.0,0.21093927405409313,112.48200633184217,99.3034452597162,59.23459482430976,62.785185238263125,8.567309550178177
110,101.0,0.21072700070318037,113.69837526129953,99.1378011350869,59.18126946429051,62.71229460166169,8.618724520072167
111,102.0,0.21073343283993215,113.56530787233322,99.3940508851898,59.29265234645168,62.83902105397893,7.317250033930706
112,103.0,0.21038949925431005,113.843036746872,99.44077209404645,58.61389098852199,63.02942289130973,7.336559840371886
113,104.0,0.210697249933214,114.45401166858784,99.29880379415918,59.52192361938893,62.67252316740247,7.967156431906066
114,105.0,0.21069037592728287,114.61036927079813,99.32103481690056,59.72307438382208,62.88577103400214,6.414586671718466
115,106.0,0.21060917192946,115.20267725731789,99.47712468845813,59.431413268217696,62.82992004555934,8.176339319835018
116,107.0,0.21065670760662447,113.60866676639706,99.31075162223691,59.25932670419181,62.65412190455915,9.17853055023679
117,108.0,0.2106108158626005,114.80226528432046,99.45047904888129,59.433671810765915,62.79722587493734,8.073279696922494
118,109.0,0.2106098493117594,114.787684425295,99.26610506355212,59.413398239449954,63.04945272488699,8.087761839404621
119,110.0,0.21076815000310467,114.04863801718143,99.61792869011943,59.348991297932166,62.851092064180875,8.010616671966249
120,111.0,0.21138364762231857,105.08616415347677,102.85947514597662,60.08777403986627,62.36364607291138,9.79459704483886
121,112.0,0.2117788975515134,111.81155162166966,99.8375838902208,59.26647565222206,62.35556069771345,6.9377570337932575
122,113.0,0.21056828765161775,113.90601210932056,99.87857238168459,59.5636015138393,62.970166261241616,8.568224278268131
123,114.0,0.21057273970299425,113.80212085811704,99.92539352674905,59.393162271595436,62.979762419989356,6.663243093921667
124,115.0,0.21025290045826187,113.8688883398696,99.6909944495276,59.71144237571331,62.98492805604473,8.449823201527625
125,116.0,0.21068194795383122,114.09151053201963,99.80214393108002,59.36719310920484,63.22489988015853,7.127789557356549
126,117.0,0.21052010481566572,114.709366553241,99.70558655563579,59.667705848097704,62.84956603955593,8.194086379198973
127,118.0,0.21052121917867503,114.49909108035239,99.9138961412518,59.71467383127089,63.165359396691784,8.394664317015042
128,119.0,0.21051746854792094,115.06170127213343,99.90134892440851,59.695528419386605,62.94772259107785,7.305000221824991
129,120.0,0.21052193453832482,114.75562516015819,99.8188983017126,59.7780631474656,63.1164038463413,8.170487749277221
130,121.0,0.2105347656613946,114.2417983319627,99.74912833807547,59.63824418052707,62.968629707612706,8.238710378328493
131,122.0,0.21052615572033143,114.63357159893549,99.76519900798192,59.67707412408736,62.97349750508724,7.900081201512352
132,123.0,0.21080603962204295,114.91895409623136,99.83057765967416,59.77842484619795,62.911005691636305,10.220449637866205
133,124.0,0.21054540488632714,114.53639802454659,99.6399074084785,59.54417505418648,63.032503852768656,9.574913787028013
134,125.0,0.21047595563516913,115.02192855276351,99.80525367782343,59.689847681519076,62.96200074044755,7.675231358802255
135,126.0,0.2111222211639084,112.24862037546586,99.98774831140454,59.527932998102834,63.06507152013143,7.920917654383553
136,127.0,0.2104769673313727,114.41681202666801,99.77127669457631,59.93078696546885,62.920866087627836,7.780005650633874
137,128.0,0.21065704717723435,114.64116306148814,99.69569750820179,59.381990527869824,63.25383145268675,7.524247946189915
138,129.0,0.21048728387384993,114.57968957634748,99.82020628289605,59.55348824695842,62.94898981596408,8.207091360502744
139,130.0,0.21048418292941765,114.7115070282634,99.77568953040469,59.62838377691886,62.942243554751634,8.788960333331971
140,131.0,0.2104544727426102,114.75489082985625,99.75614034544861,59.77135934825704,62.98844222144201,8.334282597230109
141,132.0,0.21076976291976665,108.59303420940188,99.32724650929016,59.43962752515904,62.817434307615684,7.910612852716286
142,133.0,0.21012357858838976,115.04391559585383,99.63415257026298,59.48777384798677,62.968413193002824,8.721310051392086
143,134.0,0.21045486426541932,114.4046836470621,99.69564004512473,59.77507953956488,63.01449706172436,7.902761772544457
144,135.0,0.21042142006382322,114.52590813138127,100.34392137123007,59.57506088109313,62.82163075974664,7.113800682247283
145,136.0,0.21043757824843656,114.95575459623072,99.59525615246137,59.59109529598389,62.948732163790865,7.032321090637417
146,137.0,0.20810416412662705,85.8558494192619,97.64123848350067,57.25653457491356,65.58271752367756,7.911173669366254
147,138.0,0.21085916375182645,115.60905380245653,100.29168401389899,59.65239613004887,63.730397073605154,6.949237914177375
148,139.0,0.2103914782185879,113.72131720491072,99.13396674089971,59.34065423882698,63.08484691770568,7.509205013480375
149,140.0,0.21037982083115755,114.03448525267609,99.3010011247699,59.6034585306367,63.077726766766894,8.575473896165176
150,141.0,0.21041345327848224,114.71618507528878,99.59581870850138,59.54545905374569,62.98672078354365,7.560590362286437
151,142.0,0.21036511338997457,114.46208443176218,99.62009123838914,59.83027735775474,63.064073891839946,8.959400425325956
152,143.0,0.21220839261543264,110.16902023383082,100.4623034343917,60.21957513312556,61.96866133591804,7.857217545801773
153,144.0,0.21035804753552062,114.35303056486258,99.59618889832768,59.48201573095707,62.97637608959903,9.593897231803975
154,145.0,0.21030607036143173,113.9157588191302,99.51222845951759,59.69841272489343,63.07065251789997,7.622050053174226
155,146.0,0.21086640729363287,112.61358455265051,99.59981369381289,59.61126905836225,62.829109663940415,7.147518055431457
156,147.0,0.21029807635023748,114.417310905822,99.63812024521378,59.80378053872554,63.033115886291604,6.2658863074274445
157,148.0,0.21003715816624946,114.89391246052739,99.8404514241354,59.3746983050102,63.266905662988265,7.995513876575642
158,149.0,0.2103225322025284,114.43276619638164,99.74497831470009,59.642562217200094,63.22672565548563,8.163998382781177
159,150.0,0.20963160940719056,116.8255405664869,99.92076230782342,59.85960496744837,63.456691369876054,8.458724652622873
160,151.0,0.21028310413032142,114.9486706165013,99.50887652963645,59.6046888637162,63.036041098281004,7.756057981764969
161,152.0,0.2104191426543758,114.83885341600643,99.60772540354131,59.46191313785195,63.28884871905511,7.21333123680879
162,153.0,0.21026417686335055,115.4934735572502,99.73862784379018,59.5118372527536,63.14681007351189,7.064029691279202
163,154.0,0.21033601277895886,114.55489289970903,99.56299525148712,59.606272119182776,63.00717703313199,8.488282128992044
164,155.0,0.21053558505038905,115.47647027853503,99.26347037432575,59.767421175203616,63.23924309386377,8.303360591095013
165,156.0,0.21033656249222052,115.93138493981549,99.62867635066581,59.7274679792595,63.06202637690743,7.552561700526955
166,157.0,0.21033752812593867,115.12274997969531,99.57907362570887,59.666051533854905,63.108432515056,7.962379766302002
167,158.0,0.21035155176467543,114.69447259425796,99.76330582095243,59.63145212275141,63.10362447590958,7.490662045737025
168,159.0,0.210076472167112,115.41381417793743,99.44736664945951,59.62451058250207,63.17091087316219,7.273669332315426
169,160.0,0.21040495290051017,115.1897194591647,99.62430092171643,59.53176663442533,63.00708563650677,8.970975338920148
170,161.0,0.21035474187149308,114.52220556572836,99.43207969939091,59.6538244132704,62.83430013619584,9.364322935780425
171,162.0,0.2103724493404462,114.49048729980665,99.52725327320158,59.43883388645948,63.085388502315375,8.644398289748002
172,163.0,0.21043898416819215,111.45821588312947,99.44585502301292,59.425425429340336,62.93619562120827,6.925222330869237
173,164.0,0.2102614881181205,115.20421911182858,99.8571408249305,59.74085910103852,63.080850866216664,8.961630022018138
174,165.0,0.21035615929048004,115.16032040569694,99.58760089450733,59.53316522599187,63.131218740585815,7.9458215433818875
175,166.0,0.21058683320271684,114.75168132673579,99.4555601285539,59.54242650396684,63.55529006694441,8.146629083033462
176,167.0,0.21019278199344665,115.36992975268465,99.43173728081716,59.60917420351799,62.89780262425372,7.851183918228173
177,168.0,0.21033137018258205,115.50612546097291,99.50718258532035,59.61965212265104,62.983732352432625,7.375006452829417
178,169.0,0.21037995647556504,114.96421076864381,99.25597186593464,59.237698068105594,62.74277661050555,8.120893553985482
179,170.0,0.21032277466502566,115.16284526579713,99.81751118485958,59.60336442236497,62.958070282900245,8.074239725271498
180,171.0,0.21034239693202322,115.76862332512029,99.7168622136762,59.89934914717044,63.107711271111455,8.444043756509334
181,172.0,0.21034950795688323,115.01623447228897,99.91747669692279,59.68044109898212,63.0460338369507,8.103694935250873
182,173.0,0.21035213653135987,115.401135147163,99.59861991576922,59.38129315323265,63.06278812312108,7.976367824062849
183,174.0,0.21032957287337786,116.51908544360958,99.7839127136516,59.76162481854762,63.291580804216444,6.996216872974027
184,175.0,0.2103849348455728,115.37091145238132,100.0337968389894,59.80537140366877,63.09843393865536,8.584579313424344
185,176.0,0.2103329445869286,114.88233794821036,99.56615205006085,59.88722176115795,63.18848382615884,7.030138848167469
186,177.0,0.21051290460035976,115.40873361817013,99.68895330932031,59.562066028529436,62.960655378048436,8.078137147749871
187,178.0,0.21037738522201824,115.99461843438993,99.69220404802259,60.12614754983983,63.10128156786571,9.81924409630219
188,179.0,0.21033698411345916,115.45230442271455,99.64488847011927,59.62970177435418,63.02538126018425,7.972905885407455
189,180.0,0.210825658889738,114.23024173873121,99.83875176955466,59.76883341429079,62.79635370871227,10.10596851491949
190,181.0,0.2103902032390467,115.30702808838647,99.56379479551498,59.63169736398949,63.05890002223238,7.509448105800101
191,182.0,0.21039798282250835,114.87872591835077,99.20894852584937,59.80543291469777,62.65520617472173,7.463740065020238
192,183.0,0.21167459072673406,112.52237037067925,99.58595798401672,59.34150072617619,62.54519968198257,7.331679345977824
193,184.0,0.2104741390499655,115.28744149768114,99.70366936904257,59.99076268075584,62.69301864676171,8.274034713211082
194,185.0,0.21108010835793978,113.678623533411,99.67282352460352,59.74751066422371,62.78247031690686,7.841474701756758
195,186.0,0.2103161138950025,114.97761543668588,99.64077926575082,59.626358814384545,63.04148312370397,7.447604120051135
196,187.0,0.21144946782997778,114.19392528082113,101.41699690591133,60.29757434559775,62.37643236744001,6.135005180297105
197,188.0,0.21360061896625182,104.2436329982947,108.29796357426015,61.55031068310451,54.18880967628391,8.849677746276159
198,189.0,0.2111455931334595,113.66262371777988,100.13555586244983,59.905797350811035,61.974448253886415,6.942078530635957
199,190.0,0.21077629206258394,114.89791798903786,100.16839437155556,59.93092994103856,62.42085954321007,8.325246993683933
200,191.0,0.21077294374436115,114.8730899090138,100.06242079180375,60.01169359819496,62.193718431586134,8.169801878431604
201,192.0,0.2107806676807405,114.61932153693954,100.01643354043885,59.8542523882005,62.23881225599752,7.712416296628159
202,193.0,0.21077546177774995,114.98557695411854,100.199594507431,59.85743358137809,62.34771212902288,7.938638818394747
203,194.0,0.21075136118226323,115.3216586921826,100.3834488776417,59.849679683262195,62.41225755665755,8.021156472100833
204,195.0,0.21077021966288184,115.25765953550678,99.9826158605253,59.89500208964546,62.466634855201484,8.418627716696937
205,196.0,0.21077515068430952,115.2333149219039,100.10967325256873,59.8762636214471,62.32945032598807,7.953469119006119
206,197.0,0.21078134284424432,114.91081377865598,100.22855071980324,59.850110532044276,62.4238856331522,8.226200897951175
207,198.0,0.21083224612570914,114.6183002897077,100.14864093308475,59.739308411287425,62.45847354099167,10.07954339786669
208,199.0,0.21079037057233313,114.80383392862753,100.2395615431121,59.849694936573435,62.26913709710081,8.388343737647595
209,200.0,0.2107880894019344,114.97641165778542,100.37091418654822,59.82361420310343,62.04156556367737,8.437498095733748
210,201.0,0.21079836808759303,114.86774709923691,100.30805673558355,59.84829510681899,62.22092851556984,9.315393639589226
211,202.0,0.2108065368723539,114.82767132938929,100.33245480313168,59.87703947747355,62.19917849691354,9.187146015400506
212,203.0,0.21121705125543463,112.94557315386673,100.32531159230732,59.97310640142385,61.922417682072165,7.91021951135985
213,204.0,0.21080351409937859,114.63762576035475,100.27005103011933,59.99306941335962,62.19760167461668,9.594328142426928
214,205.0,0.21081969876105314,115.10471715255262,100.15753526112901,59.66822772309581,61.99308146169888,10.164185099820108
215,206.0,0.2108239053958071,114.66474456689186,100.421914560097,59.88525109897407,62.02922005681566,8.947384353924326
216,207.0,0.21083214406473724,114.86445282037968,100.38884907285768,59.88314106395403,62.05457416253904,9.73669765383042
217,208.0,0.21083894435147876,114.86712680947251,100.50657000541008,60.296037714036416,62.04441789219521,8.948353517870748
218,209.0,0.21100199727297056,108.00026291173377,99.80760843404931,59.58845983314835,61.12411141292834,6.9676633357748505
219,210.0,0.21081537852795276,114.93298523871775,100.59939094797731,59.91266154677544,62.01216153892934,8.977004025719474
220,211.0,0.2108138419415536,115.16085398438005,100.72434990408085,60.07241071287464,61.88220134428697,8.864646072322541
221,212.0,0.21109087995817793,114.3827474978043,100.81727003005005,59.80501439346567,61.75214134137819,8.9552630485443
222,213.0,0.2110735981396872,114.48398012911971,100.79125680365121,59.961892904947405,61.63504338576614,7.365329967676003
223,214.0,0.21081715215558114,115.07814905312334,100.65447669062495,59.99464898431038,61.90083059579848,9.278953236942458
224,215.0,0.21227487508918358,113.77456794432355,106.1216601575485,61.27127245051503,60.30289277493444,7.483319076755431
225,216.0,0.2107559929863147,115.14048528656564,100.59041915803292,60.186291967327655,61.810778653829125,7.394150045952867
226,217.0,0.2107679699020118,114.91319138567115,100.49344631274411,59.8454256997937,61.873901518058055,7.872318632761219
227,218.0,0.21075599816767718,115.4709652002855,100.73525284622932,59.92165076122467,62.01445516491335,7.737897022280852
228,219.0,0.21009093998479594,115.28152516083692,100.56246493416064,59.92742040870847,62.22534944151581,6.916610258988403
229,220.0,0.21115043456199087,114.15959743494311,100.4876787503217,59.87938000597718,61.79563604972266,6.978406318455887
230,221.0,0.21077852349804788,115.3530978342096,100.36787442930874,59.66162273538444,62.298669541482546,7.80912082318658
231,222.0,0.2112515591209267,114.01075184420584,100.50432062729494,59.811922117837256,61.60242418896038,7.856870189008633
232,223.0,0.21075583941893905,115.44091866747249,100.23630586966593,59.92349538051529,62.36986597032168,7.920110842769552
233,224.0,0.21154751513367775,114.4368565705981,101.69358246768503,60.47880687968657,61.48478695038553,8.745952797813928
234,225.0,0.21117096515853886,115.50947168748503,100.3649500817062,60.07551319833953,61.910092557379485,8.389752160902898
235,226.0,0.21078457817678278,115.28283792173013,100.42671909016873,59.91798748491853,62.013516662671876,7.7852611719493385
236,227.0,0.21077493292238994,114.82889711739296,100.51759012093304,59.97351123295578,61.786653926491674,7.3262480784497646
237,228.0,0.2107995466994194,114.71912374279394,100.34597361919315,59.78363388525179,61.99134411164672,9.08743652735693
238,229.0,0.2111099583343681,116.68906290673958,100.8213559436216,60.11143532863952,62.421370273868526,8.194618442634107
239,230.0,0.21055802655161768,113.5182495830492,100.4936200687903,59.27958845265744,62.375293352006466,7.091745242857869
240,231.0,0.21079448078049726,115.72684731958803,100.35845852940831,60.11221161973879,62.216544147962765,7.700535261907786
241,232.0,0.21061498540237078,115.2538141740913,100.39427694437863,59.73840738422741,62.4034485210596,8.055725462379636
242,233.0,0.2107991658473626,115.08503343994958,100.17053409942925,59.90078654188453,62.298480404345334,9.487097120177568
243,234.0,0.21079144326138566,115.26911421909514,100.30214985784686,60.27175266104438,62.15595554879797,8.297231321385643
244,235.0,0.20998941839682414,113.36820123037246,100.50099735293034,60.37748769293968,62.22647552085282,5.799337900007383
245,236.0,0.21095425335478973,115.73762572402676,100.25803927902761,59.82396819702511,62.25980392854535,7.991571212805469
246,237.0,0.21092948023716415,115.52988962156215,100.3316595064259,60.02923471954952,62.33367757727001,8.694785259291267
247,238.0,0.2109480627049069,115.8684441059879,100.3314606207864,59.88883005614515,62.26335301956198,8.428623702773773
248,239.0,0.21094770694033474,115.85173410203954,100.31826775049186,59.839188828785225,62.359456891208005,8.330150098559042
249,240.0,0.21106419186241426,115.87288162021979,100.60654289653772,59.77942305498988,62.269208599349426,8.297626471656674
250,241.0,0.21097094076042763,115.65837200281761,99.92829455988682,59.80602575697773,62.40803608698295,8.730935203756374
251,242.0,0.21096234212191484,115.773507050079,100.25660497944823,59.853461106365394,62.201359704598,8.510414452958145
252,243.0,0.2114212672235604,115.86104195762788,100.54619969892958,59.345734872090304,62.61749078127048,6.267009952440874
253,244.0,0.21140886449645252,113.18967819578444,99.71682953723739,59.63064726671285,61.00762414471111,8.296283079101167
254,245.0,0.21085422524626624,115.76781843323799,100.31173421147115,59.804405593042844,62.20596137254463,9.102731242743483
255,246.0,0.21084950325072446,116.41586363783355,100.49556892320952,59.835240580706035,61.834889655557504,8.842337694499927
256,247.0,0.21087426578526672,115.73830957399956,100.21944836433836,59.92398983448434,62.163895565385374,7.314753972641361
257,248.0,0.2108569035908131,115.65451770693059,100.30447053338737,59.87904336835583,62.12219241504044,7.006031764167931
258,249.0,0.21085804192798469,115.22575011553305,100.32684339224939,59.868646305598986,62.171886312321476,7.2304285327229625
259,250.0,0.2109874398513618,116.80226360907753,100.3220091575233,60.20675520483974,62.307165959972714,8.696370117827792
260,251.0,0.2108468496017207,115.94872416762189,99.95858378734732,59.80976588188817,62.32804316694915,9.804734594273993
261,252.0,0.21083643192336743,115.84474346360054,100.26616266877033,60.050455462434854,62.24030148831808,8.968217088876637
262,253.0,0.2108432824789532,115.77058463697026,100.27602005931014,59.84407231951881,62.178047467288074,9.03322200945482
263,254.0,0.21086121295395266,115.99409239431256,100.07186186474841,60.072949673482015,62.07515265657192,9.037384071366112
264,255.0,0.21088174115969285,115.81929309431098,100.22117761898011,59.82590515202054,62.055956056701895,7.792956267323621
265,256.0,0.21091097576795342,115.80643133650143,100.12905235183733,60.07036262381905,62.14129557753505,8.167998914752264
266,257.0,0.21133579678154282,116.84478119611964,100.37792593335188,60.35457221574119,62.22088567104585,7.800870545842993
267,258.0,0.2108353605239198,115.61237103547467,100.23122969245318,60.0133033378083,62.157473067576746,10.065794882043852
268,259.0,0.21083621784595627,116.11079261800678,100.2633245813202,59.859497244470084,61.95503288624171,8.845301734875363
269,260.0,0.21085785436627857,116.05390286022576,100.27718313799804,59.969822428003575,62.05984717499557,6.971239844718269
270,261.0,0.21084673666838813,115.94404570001298,100.1894736393457,59.976806836105204,62.269270020480874,9.09349014301297
271,262.0,0.21082381045531928,116.13430644343798,100.29323854221701,59.7459138829866,62.01754632417435,8.730612529701569
272,263.0,0.21085472561830862,116.00764016246826,100.21921424711607,59.94897549531773,62.0821418924821,9.43877970779526
273,264.0,0.21087270594446877,115.98398419106228,100.2771480995357,59.99976172189208,62.00573045154817,7.511266748118649
274,265.0,0.2108532742251258,116.40433139394318,100.28033552104192,59.921353319897904,61.99279893263174,9.059287105082864
275,266.0,0.21085533397996875,116.21813272153685,100.37298982976336,59.72006134982963,61.9107785004738,9.428541121910374
276,267.0,0.21085833721988845,115.89815239758121,100.41145091291176,60.17008058850202,62.042411941861616,7.024507753907418
277,268.0,0.21071560772998799,116.35715874697559,100.20817954695399,60.00312550617394,61.85166235014787,10.78799587648177
278,269.0,0.21082969279036085,116.33787191628141,100.19373618273775,60.16585204644553,62.02156653783382,9.085745824993728
279,270.0,0.2115294774101473,108.9796541728354,100.28451342266678,59.87790582452802,60.14720338083627,7.881326627973974
280,271.0,0.21084844057390176,116.28696756724355,100.4597572471845,59.94096658677543,61.87927985687344,9.212269067748268
281,272.0,0.21059947238790117,116.04346845310545,100.42249594442586,60.17509431684934,61.76022058650345,7.672855989397819
282,273.0,0.21072015480730494,116.52957608042496,100.28297203193988,59.79149748411876,61.9129377805868,7.86937590317799
283,274.0,0.21086765622650613,116.72284422329926,100.381383164876,59.94396105022991,62.13944993327304,8.219458561784775
284,275.0,0.2109397330607301,116.18366850913293,100.30073235802885,59.95114347463601,61.54696353981749,9.412344776330231
285,276.0,0.2110069228959838,116.60541347155194,100.2954995064786,60.03070735651658,61.88842028933246,7.842355256419255
286,277.0,0.21091428445419047,115.92988147912114,100.25186921397903,59.90170967409621,61.779309132909106,8.633266944220512
287,278.0,0.21103932176934848,116.35945925488568,100.35736943755761,60.023504150459125,61.726639677647256,6.806563685228039
288,279.0,0.21081685088720176,116.28299352581651,100.39516385507946,60.05389885719053,61.83641144972299,8.67040047143361
289,280.0,0.21166143109107838,116.17506984018407,100.26121048920658,60.14229064708399,61.28728022235427,7.1303800983566115
290,281.0,0.2121222319649537,117.11502481333811,100.97257963385243,60.05766211373204,60.54449769855794,9.261469536482926
291,282.0,0.21086125839669492,116.4399352270199,100.40411873023939,59.91258399857902,61.81810642737957,8.577381568573209
292,283.0,0.2107982879843833,109.1368517296634,100.27280860494989,59.99838417204936,60.96220134581846,9.86528832274657
293,284.0,0.2108417649720389,116.62559029136787,100.48466343988017,60.05951104598128,61.615511961125094,8.818477008609365
294,285.0,0.2108959898802292,116.00635751670131,100.22440558208687,60.03063784267201,61.69441997198207,7.583057439123002
295,286.0,0.21077676296381984,108.7680917481805,100.13860455691265,59.39270125062062,60.28396179204241,8.136643827855085
296,287.0,0.21088131971157487,115.85065628346145,100.51562066174957,59.849867524775775,61.77955140499632,7.603572771941891
297,288.0,0.210723268787156,115.90916736809608,100.22338237709961,59.81980536987436,61.427609742992715,8.456606291962656
298,289.0,0.21084435648963368,116.04883322172546,100.41532954926606,59.983125644732816,61.66978763511438,9.223334796443563
299,290.0,0.21079639952403434,115.99201203665,100.32864402145118,60.006658287729515,61.62660902765913,8.380602835817195
300,291.0,0.21085317558892375,115.9610722644328,100.49187543162488,59.905512179884944,61.62037995227211,9.344648219024236
301,292.0,0.21086016345265446,115.63203713961892,100.56553738656397,59.86494567258582,61.52417035338332,8.38884664642958
302,293.0,0.21084214134107618,116.48480178882133,100.42931949668352,60.19392295005647,61.555466533406566,8.332474615629186
303,294.0,0.21084126845315243,116.25292883496984,100.42243590691386,60.015936103443075,61.461061928451954,8.514948683453618
304,295.0,0.21085500214284253,115.75766060075001,100.43732480679763,59.96791456198938,61.68381563431382,9.437520727433673
305,296.0,0.21051219548533245,116.31666051565274,100.46316947357174,60.41389769301952,61.294684812495596,6.691346379722864
306,297.0,0.21089628027553078,116.3140408677317,100.43387992253557,59.899277865094746,61.787133256190614,7.845378040660096
307,298.0,0.21088066077937306,116.71336384063198,100.54990160237965,60.07060687523012,61.62883353553502,7.965877036881295
308,299.0,0.21089217434181798,115.77915595294813,100.50991476626588,59.979672866753255,61.75537829497385,7.599123328846822
309,300.0,0.2108812162089886,115.8693590070577,100.77756967019796,59.92608139831885,61.815112725851755,6.828490247300304
310,301.0,0.21081515204628226,115.8052124406617,100.57816706166734,60.32842395797573,61.61774025554135,9.052699203747595
311,302.0,0.21089128800444923,115.77910360793764,100.26026999956463,59.90467795170797,61.61179058406703,7.066076695690419
312,303.0,0.21217443683650322,116.9084999512254,100.47406699868976,59.934974183262604,61.43770065514905,7.961744253012268
313,304.0,0.21090957587927053,115.36847070688974,100.3272888178141,60.05635311521814,61.56450100011968,8.01845089004158
314,305.0,0.20978631433132452,97.22379547645082,99.72026758340985,58.64447572980495,60.29018016382952,7.761950446566318
315,306.0,0.2108285149189692,115.99222214952465,100.35445661709589,59.95426866445011,61.81948322576495,8.379397529406381
316,307.0,0.2109905992705647,115.29800220813314,100.37083223135264,59.93375566235156,61.480213454935196,9.231450316687457
317,308.0,0.21084277962634676,115.67520860284392,100.48481703020286,59.9494545568218,61.650227765306646,8.908321795242877
318,309.0,0.2108339131159907,116.2946552699293,100.31874453603412,59.79346663152636,61.74633991863309,8.66197842833847
319,310.0,0.2126993592991757,116.95007113160057,101.43454931584047,60.366240040830675,59.810708418792366,6.961961231701451
320,311.0,0.2122491339481141,115.6781564066905,100.6452095396086,60.082553723922175,59.019076688143315,6.792985673937445
321,312.0,0.21049953125869816,115.62569255841439,100.59770001261656,60.124609463200066,62.15739090842139,9.0245961742808
322,313.0,0.2105076709006746,116.14494478867327,100.11974193104827,59.832383854883986,62.366856082705446,7.7983437077474695
323,314.0,0.21054068874086992,115.64111874270459,100.33671398488485,59.92529599916625,61.876391498103025,8.413169253301593
324,315.0,0.21092657358833117,116.62457273398711,100.61047452244324,60.0801195242811,62.0177963677334,9.244571471820766
325,316.0,0.210538739927742,116.06688862439498,100.48405722809203,60.13999214981059,61.989040473622154,8.398140981710352
326,317.0,0.2105063492700379,115.86751163003973,100.18440347934812,60.080246202500064,61.89916604920469,7.71634545891504
327,318.0,0.21049908912967766,116.21395227988641,100.49501087589536,59.92984554837039,61.94171795950274,8.838119616624606
328,319.0,0.2104854922553054,116.0900316699041,100.43767073020952,60.0887652247371,61.90216703300352,8.306829201161019
329,320.0,0.21050894379931814,116.35933578914539,100.32205504064116,59.795672406095974,62.04713954722883,7.763318000879373
330,321.0,0.21049510007630057,116.21651158872172,100.45180308432224,60.15002640046057,61.92914719617991,8.878943388629713
331,322.0,0.21051261253422826,116.12555259748069,100.16522168411643,59.91473546690338,61.950166235483856,7.637992256869662
332,323.0,0.21049850110364113,116.47479090324792,100.43115341708253,60.01427717174202,61.99491283085535,8.756269436924672
333,324.0,0.21049744400655576,115.7309780115347,100.45446997699409,59.95208184048259,62.023398204976665,9.332967596043146
334,325.0,0.21047979450176446,116.01670880543622,100.55178113414094,59.81888747454084,61.9906501264966,7.373234817538236
335,326.0,0.21018347760474315,115.95895185020639,100.4857790250149,59.94971743036785,62.14779860166176,8.28549760074978
336,327.0,0.21049805187286685,116.73886412740912,100.49507702462556,60.03808010583888,62.18502888025423,8.443792004229554
337,328.0,0.21048534183755108,115.91407096394548,100.39928434824753,60.04314089952727,61.60198955234447,8.517775461823748
338,329.0,0.21048926707887908,115.90700451377663,100.57114263658467,59.82593361994149,62.00319033255344,8.346010680247485
339,330.0,0.2104924817877861,116.2004091678372,100.70265352641196,59.6942088732046,62.084770430325904,8.942808686746462
340,331.0,0.21046642356608608,116.06119494411983,100.41763561014677,59.93834464042366,62.08197126012032,8.516619108147365
341,332.0,0.21045929965537555,115.72320906650803,100.55888768584317,59.883803933648664,62.08776564427826,7.20252910957616
342,333.0,0.21045641546729857,116.40798685404775,100.56264649587077,60.022583118788496,61.90001512206084,8.16545598066571
343,334.0,0.21029710160902634,115.77144464676303,100.42313166565579,59.86108605555387,61.84468665313275,6.157726649558684
344,335.0,0.210555258831677,116.2158206255576,100.43415558598097,60.041869102239374,62.08812169516494,6.689350469664528
345,336.0,0.2105908333156227,116.74646261961284,100.14963559709973,59.83721259505629,62.03019661480936,7.21523412552599
346,337.0,0.2106007498365118,115.92824867967781,100.4834426462986,59.724233251868185,62.27137892439179,7.983595307179679
347,338.0,0.2106939503801833,116.40035810189057,100.62914836195085,59.97115960533765,62.2063327623836,7.780478951258681
348,339.0,0.21059803973489252,116.17040674691754,100.40515309143417,60.02039289227596,62.16164763885226,7.960127948129072
349,340.0,0.21059844100472966,116.23525694818032,100.37637903964568,59.86600697574943,61.96685705190652,7.63458650179013
350,341.0,0.21061080595092746,115.98537631301058,100.53402319308503,59.89876063147626,62.34721704402083,7.941781663886779
351,342.0,0.21059708006640662,116.05234050926437,100.31674990629043,59.98806648091974,62.147040338209145,7.826772671539493
352,343.0,0.21059165367381646,116.42355191343106,100.39864418850568,59.90535886835305,62.072280371208066,7.291406667904249
353,344.0,0.21061705458512012,116.25441094827795,100.30920044619444,60.24652107152741,62.102024821882786,8.012776668162466
354,345.0,0.21267153407015366,116.67102572472788,100.51588100938372,59.99467379143105,61.76211022716747,8.211807039132607
355,346.0,0.21077695990807876,115.98615822689823,100.36571995867325,60.1414550093607,62.671806526625794,7.473353603119674
356,347.0,0.21063598007183074,116.33070095661614,100.26578748644177,60.029036476399796,62.164327092168634,6.228674579430276
357,348.0,0.21065350063858104,115.85039692620043,100.04754148475337,60.06931836327499,62.322603572889726,8.078909887990944
358,349.0,0.21064693404417814,115.70114028756467,100.28969476505102,59.93625718488688,62.07406585584323,8.56647335795046
359,350.0,0.21065456967002633,116.28472792759575,100.34464149407539,59.648735049222964,62.220960667461085,7.930580943670028
360,351.0,0.2106560385205181,116.43522442865515,100.23756882980959,59.80506139861809,62.3229981187174,8.734119544871193
361,352.0,0.21063917240380073,116.09629841208086,100.40559089931509,60.135145852347975,62.25336818164569,6.395730464984303
362,353.0,0.21067690513564624,116.02761357390344,100.32561106940422,59.800308014906264,62.231855543649516,7.320528674512991
363,354.0,0.21066523363838235,116.03101549382525,100.24886642561647,59.94860856252813,62.24121996787095,7.252842096732917
364,355.0,0.21117445555484957,114.53810106741433,100.33440866278775,59.92466596463118,61.404274242980335,8.20845602339754
365,356.0,0.2106859644771512,115.77929720615167,100.29955483210216,59.73404609660525,62.53205644768118,6.684735344873742
366,357.0,0.21076948800993983,115.39960330145617,100.17312134928295,59.92773499252531,62.0478124847299,8.093699185220693
367,358.0,0.21062720807994623,113.8084234393432,100.21879791929773,59.95890339356039,61.49872273647398,8.602987428372957
368,359.0,0.2132492147794758,116.08265594240811,99.81892393058192,60.513767716343544,59.60197948484532,7.882669185874383
369,360.0,0.21075876252648817,116.46983175877756,100.5643461242533,60.08443758261778,62.039627962110316,7.475388862160201
370,361.0,0.21063413380427076,115.49555233931095,100.17208124986259,59.66019063669388,62.12175823443588,7.530166777207214
371,362.0,0.21064040191397743,116.16720219364842,100.24018490782161,59.985219397264935,62.284052884328744,6.44628969769319
372,363.0,0.2106576571617876,116.71552115982955,100.17415025148368,59.694618308343564,62.22778563143368,7.799150598581276
373,364.0,0.2105991366266312,115.80276846514003,100.36540496342428,60.02438991681986,62.15129229823506,8.260625887128333
374,365.0,0.21067013019936734,116.19338126180268,100.50042706562206,59.81563524456872,62.1832560548543,7.961832798719653
375,366.0,0.21066710735106203,116.089603102469,100.07334543623736,59.9018102603222,62.36950607727951,7.471556886689406
376,367.0,0.21058838037771024,115.64938733113385,99.97047338368955,60.13210725098337,62.36825786930403,7.500375995213733
377,368.0,0.21067534439004626,116.1202957371184,100.14774931186965,59.97035691759377,62.32392353763159,8.098354799400559
378,369.0,0.2106512254798862,116.13912971130095,100.15319770996004,59.99126664698125,62.3200186821908,7.971880883538185
379,370.0,0.20994754570792504,113.38681863838616,99.83903489620663,59.750529562977306,62.09664509990179,11.850222828069295
380,371.0,0.2104347732716957,115.08761507151205,100.22332370084908,59.937199970540334,62.289388464621126,6.942530920391655
381,372.0,0.21087175788244653,115.4735426888921,100.20083185624297,59.481465519071094,62.09060630567624,8.421371967171574
382,373.0,0.21046367794078477,115.88881048929355,100.10356412464814,59.92459922461532,62.447948457943944,8.908915430863656
383,374.0,0.21078959901417837,114.39792049200854,100.02767308886706,59.866067517844876,61.91639446648291,7.507554951770559
384,375.0,0.21044382773722406,115.50399883477345,100.18002776075431,59.9578433775872,62.35277653683944,6.657267235611156
385,376.0,0.2104771557540528,115.82690004160196,100.10027032060307,60.02600192146331,62.30296058013018,6.891923554526458
386,377.0,0.21090872861069918,114.22073759805777,99.98846359996806,59.71006067880169,62.604685910067595,7.920792694762137
387,378.0,0.21014657302889578,115.41235300360346,100.05046839205505,59.850122907837495,62.180887140124916,9.94679789086921
388,379.0,0.21041550987300886,115.49909968463867,100.1913602577605,59.952670636413515,62.29472996079741,7.256077078106409
389,380.0,0.21045371089196835,115.74745306832489,100.08595864322818,59.906220892959865,62.29081104449206,7.798147368365198
390,381.0,0.21046045699673743,115.81955350060299,99.9907878129872,59.71219788201189,62.24638968210574,8.578493492607809
391,382.0,0.21024749748715102,112.1145664036871,99.68724469648254,59.43769088892309,61.45098580356171,8.925555126437638
392,383.0,0.21050066786905755,115.58546123851353,100.08532077248236,59.99227958384625,62.302971547855044,9.568382925471013
393,384.0,0.2103847002902461,115.57272027753547,100.18743660821636,59.806893225410946,62.34185350458295,8.476176186394609
394,385.0,0.21032989131885577,115.38077990172454,100.24853590374677,59.967428665385555,62.255423737911386,7.972987693060637
395,386.0,0.21071685490862369,114.71337999087928,100.02160267534695,59.81875144450966,61.9321379979712,9.636390817157578
396,387.0,0.21011970410793365,114.80331111339775,99.7491277358486,60.131038794177115,61.98003468177509,7.493786716197866
397,388.0,0.2103778556397888,115.19365698715177,99.95933534482398,59.92180956035914,62.38846053834551,9.114322133228036
398,389.0,0.2103843668493965,115.47973573479709,100.0282183479468,59.85439854787615,62.237565607851955,8.291964710500046
399,390.0,0.21036279289705015,115.1164001523548,100.0182519573058,59.95196193590099,62.16095086723986,8.35414912020882
400,391.0,0.21035861315981558,115.85761533251123,100.03533538110148,60.078857537686105,62.12272991837365,7.465882469904703
401,392.0,0.21037052283743962,115.57920413220826,100.04582872906226,59.762533617974476,62.19335421797352,8.287922882718435
402,393.0,0.19803875802379886,112.27655033148287,100.23216314040675,59.46518454768157,60.987518421775526,7.5748250626427325
403,394.0,0.211332975033972,115.96499163496509,99.7417439219412,59.3865523734862,62.16072936760541,8.626602275639883
404,395.0,0.21064006659618212,115.55767755940316,100.07769217344276,59.890919527199,62.42889622260029,6.692122016304797
405,396.0,0.2110001964895249,113.1743129265568,99.47740470575822,59.85582751040313,61.547464352914936,7.45519597866857
406,397.0,0.21067352189232288,114.31400373276614,100.05654750506649,59.724950880645196,61.9150977872149,7.67406555716001
407,398.0,0.21074544984433216,116.16814171670381,100.11066126286063,60.110251510921586,62.24908166108473,8.125079264826116
408,399.0,0.21006434575093352,114.94593523019056,100.10574449140297,59.45375594705042,61.94489561275538,7.682544885692399
409,400.0,0.2106509735771934,115.79323851543558,100.07677024576621,59.86994335746215,62.351276146860506,8.15462680134037
410,401.0,0.2106591372132272,116.03177503865166,100.06348332033058,59.640016988970366,62.38616699153625,8.560495244484787
